const_id,FirstName,LastName,mail,Phone,,,
1,Adi,Cohen,AdiCohen@gmail.com,054-736-1187,,,
2,David,Levi,DavidLevi@hotmail.com,052-794-1502,,,
3,Eitan ,Ben-Shaul,EitanBenShaul@gmail.com,054-429-1112,,,
4,Nati,Goldberg,NatiGoldberg@hotmail.com,052-648-1787,,,
5,Yael ,Cohen,YaelCohen@gmail.com,054-279-1368,,,
6,Noam ,Cohen-Schneider,NoamCohen@gmail.com,054-303-1356,,,
7,Talia ,Rosenbaum,TaliaRosenbaum@hotmail.com,054-404-1174,,,
8,Amit ,Cohen-Tal,AmitCohenTal@yahoo.com,052-731-1893,,,
9,Roni ,Abramowitz,RoniAbramowitz@hotmail.com,052-681-1636,,,
10,Alon ,Levy-Sharoni,AlonLevySharoni@yahoo.com,052-396-1324,,,
